Time,Error,Client
Wed Nov 22 21:34:54 2023,Error #2,pid 6806
Wed Nov 22 21:34:54 2023,Error #2,pid 6806
Wed Nov 22 21:34:54 2023,Error #2,pid 6806
Wed Nov 22 21:34:54 2023,Error #2,pid 6806
Wed Nov 22 21:34:54 2023,Error #2,pid 6806
Wed Nov 22 21:34:54 2023,Error #2,pid 6806
Wed Nov 22 21:34:54 2023,Error #2,pid 6806
Wed Nov 22 21:34:54 2023,Error #2,pid 6806
Wed Nov 22 21:34:58 2023,Error #2,pid 6806
Wed Nov 22 21:34:58 2023,Error #2,pid 6806
Wed Nov 22 21:34:58 2023,Error #2,pid 6806
Wed Nov 22 21:34:58 2023,Error #2,pid 6806
Wed Nov 22 21:34:58 2023,Error #2,pid 6806
Wed Nov 22 21:34:58 2023,Error #2,pid 6806
Wed Nov 22 21:34:58 2023,Error #2,pid 6806
Wed Nov 22 21:34:58 2023,Error #2,pid 6806
Wed Nov 22 21:35:02 2023,Error #2,pid 21155
Wed Nov 22 21:35:02 2023,Error #2,pid 21155
Wed Nov 22 21:35:02 2023,Error #2,pid 21155
Wed Nov 22 21:35:02 2023,Error #2,pid 21155
Wed Nov 22 21:35:02 2023,Error #2,pid 21155
Wed Nov 22 21:35:02 2023,Error #2,pid 21155
Wed Nov 22 21:35:02 2023,Error #2,pid 21155
Wed Nov 22 21:35:02 2023,Error #2,pid 21155
Wed Nov 22 21:35:12 2023,Error #2,pid 6791
Wed Nov 22 21:35:12 2023,Error #2,pid 6791
Wed Nov 22 21:35:12 2023,Error #2,pid 6791
Wed Nov 22 21:35:12 2023,Error #2,pid 6791
Wed Nov 22 21:35:12 2023,Error #2,pid 6791
Wed Nov 22 21:35:12 2023,Error #2,pid 6791
Wed Nov 22 21:35:12 2023,Error #2,pid 6791
Wed Nov 22 21:35:12 2023,Error #2,pid 6791
Wed Nov 22 21:35:12 2023,Error #2,pid 6791
Wed Nov 22 21:39:40 2023,Error #2,pid 28092
Wed Nov 22 21:39:40 2023,Error #2,pid 28092
Wed Nov 22 21:39:40 2023,Error #2,pid 28092
Wed Nov 22 21:39:40 2023,Error #2,pid 28092
Wed Nov 22 21:39:40 2023,Error #2,pid 28092
Wed Nov 22 21:39:40 2023,Error #2,pid 28092
Wed Nov 22 21:39:40 2023,Error #2,pid 28092
Wed Nov 22 21:39:40 2023,Error #2,pid 28092
Wed Nov 22 21:58:52 2023,Error #2,pid 6808
Wed Nov 22 21:58:52 2023,Error #2,pid 6808
Wed Nov 22 21:58:52 2023,Error #2,pid 6808
Wed Nov 22 21:58:52 2023,Error #2,pid 6808
Wed Nov 22 21:58:52 2023,Error #2,pid 6808
Wed Nov 22 21:58:52 2023,Error #2,pid 6808
Wed Nov 22 21:58:52 2023,Error #2,pid 6808
Wed Nov 22 21:58:52 2023,Error #2,pid 6808
